total_client_num	elapsed_time
4	286.1303591048345
8	342.85906440671533
16	439.3913012230769
32	656.1856015957892
64	1056.0397970071062
