steps_per_round	elapsed_time
4	3395.1501871929504
8	2532.0974964858033
15	2119.8048873068765
60	1879.649733942002
120	1805.4614606439136
240	1750.079641173128
480	1718.4258264321834
