local_node_num	elapsed_time
32	1708.2319655260071
16	1660.281524072867
8	6357.720035467995
4	17772.978484194027
2	37247.619632594055
1	75582.20239487314
