local_node_num	elapsed_time
32	1823.1207324294373
16	6498.669805089012
8	17852.626569738146
4	37295.50526032504
2	75794.84871673211
