steps_per_round	elapsed_time
4	2438.7826811661944
8	2158.6326867463067
15	1984.8673064270988
60	1758.3286394118331
120	1697.7443637060933
240	1614.3029427817091
480	1514.095812826883
