model_layer_num	elapsed_time
1	1721.084215296898
2	3203.7204139083624
3	4637.522474114783
4	6108.338975189719
5	7546.180844819173
