model_layer_num	elapsed_time
1	1829.81617029896
2	3352.6612978312187
3	4815.8483864679
4	6246.858972830232
5	7733.432618647814
